{
	"format_version": "1.8.0",
	"animations": {
		"animation.model.wave": {
			"animation_length": 1.32,
			"bones": {
				"rightClaw": {
					"rotation": {
						"0.0": {
							"vector": [0, 0, 0]
						},
						"0.12": {
							"vector": [-164.93115, 29.14089, -151.06197]
						},
						"0.24": {
							"vector": [-172.20137, 21.3728, -93.99158]
						},
						"0.36": {
							"vector": [-169.97328, 20.07583, -19.95501]
						},
						"0.48": {
							"vector": [-172.20137, 21.3728, -93.99158]
						},
						"0.6": {
							"vector": [-169.97328, 20.07583, -19.95501]
						},
						"0.72": {
							"vector": [-172.20137, 21.3728, -93.99158]
						},
						"0.84": {
							"vector": [-169.97328, 20.07583, -19.95501]
						},
						"0.96": {
							"vector": [-172.20137, 21.3728, -93.99158]
						},
						"1.08": {
							"vector": [-169.97328, 20.07583, -19.95501]
						},
						"1.2": {
							"vector": [-164.93115, 29.14089, -151.06197]
						},
						"1.32": {
							"vector": [0, 0, 0]
						}
					},
					"position": {
						"0.0": {
							"vector": [0, 0, 0]
						},
						"0.12": {
							"vector": [-3.75, 1, 2]
						},
						"0.24": {
							"vector": [-1.75, 5.5, 3]
						},
						"0.36": {
							"vector": [1.25, 5.5, 3]
						},
						"0.48": {
							"vector": [-1.75, 5.5, 3]
						},
						"0.6": {
							"vector": [1.25, 5.5, 3]
						},
						"0.72": {
							"vector": [-1.75, 5.5, 3]
						},
						"0.84": {
							"vector": [1.25, 5.5, 3]
						},
						"0.96": {
							"vector": [-1.75, 5.5, 3]
						},
						"1.08": {
							"vector": [1.25, 5.5, 3]
						},
						"1.2": {
							"vector": [-3.75, 1, 2]
						},
						"1.32": {
							"vector": [0, 0, 0]
						}
					}
				}
			}
		}
	},
	"geckolib_format_version": 2
}